{
  "dmp": {
    "title": "Corona data analysis tool mDMP",
    "description": "In this project we have implemented a tool for calculating statistical data for a corona virus data set. Several statistics, e.g. top ten countries with most cases worldwide are calculated and displayed visually in interactive plots.",
    "language": "eng",
    "created": "2020-04-13T12:00:00.000Z",
    "modified": "2020-04-13T12:00:00.000Z",
    "dmp_id": {
      "identifier": "10.5281/zenodo.3749776",
      "type": "doi"
    },
    "contact": {
      "name": "Lucas Berent",
      "mbox": "lucas.berent@tuwien.ac.at",
      "contact_id": {
        "identifier": "https://orcid.org/0000-0003-2955-8625",
        "type": "orcid"
      }
    },
    "ethical_issues_exist": "no",
    "project": [
      {
        "title": "Corona data analysis tool",
        "project_id": "https://github.com/lucasberent/ds/tree/v1.0.0",
        "project_id_type": "URL",
        "start": "2020-03-15",
        "end": "2020-04-30",
        "description": "In this project we have implemented a tool for calculating statistical data for a corona virus data set. Several statistics, e.g. top ten countries with most cases worldwide are calculated and displayed visually in interactive plots."
      }
    ],
    "dataset": [
      {
        "dataset_id": {
          "identifier": "10.2906/101099100099/1",
          "type": "doi"
        },
        "title": "Sonraí faoi choróinvíreas COVID-19",
        "personal_data": "no",
        "sensitive_data": "no",
        "type": "csv",
        "description": "",
        "distribution": [
          {
            "title": "Planned distribution",
            "format": [],
            "data_access": "open",
            "license": [
              {
                "license_name": "The MIT License (MIT)",
                "license_ref": "http://opensource.org/licenses/mit-license.php",
                "start_date": "2020-03-30"
              }
            ],
            "host": {
              "title": "GitHub",
              "url": "https://github.com/lucasberent/ds",
              "host_id_type": "HTTP-RE3DATA",
              "description": "Mock Experiment for a University Course in Data Stewardship",
              "supports_versioning": "yes",
              "storage_type": "repository",
              "pid_system": [
                "other"
              ]
            }
          }
        ]
      }
    ]
  }
}